{"1": {"avg": 1.3299250880877176, "proportion": 0.0015}, "2": {"avg": 1.4767229739738548, "proportion": 0.023}, "3": {"avg": 1.3559303441368942, "proportion": 0.0705}, "4": {"avg": 1.2442917312454918, "proportion": 0.092}, "5": {"avg": 1.1521134725018936, "proportion": 0.1305}, "6": {"avg": 1.0390996775065344, "proportion": 0.1305}, "7": {"avg": 1.0003547597133506, "proportion": 0.1475}, "8": {"avg": 0.8727998470512179, "proportion": 0.1315}, "9": {"avg": 0.8975944910953928, "proportion": 0.143}, "10": {"avg": 0.8354241425830584, "proportion": 0.13}}